chunkId,documentId
CH001,D001
CH002,D001
CH003,D001
CH004,D001
CH005,D001
CH006,D001
CH007,D001
CH008,D001
CH009,D001
CH010,D001
CH011,D001
CH012,D001
CH013,D001
CH014,D001
CH015,D001
CH016,D001
CH017,D001
CH018,D001
CH019,D001
CH020,D001
CH021,D001
CH022,D001
CH023,D001
CH024,D001
CH025,D001
CH026,D001
CH027,D001
CH028,D002
CH029,D002
CH030,D002
CH031,D002
CH032,D002
CH033,D002
CH034,D002
CH035,D002
CH036,D002
CH037,D002
CH038,D002
CH039,D002
CH040,D002
CH041,D002
CH042,D002
CH043,D002
CH044,D002
CH045,D002
CH046,D002
CH047,D002
CH048,D002
CH049,D002
CH050,D002
CH051,D002
CH052,D002
CH053,D002
CH054,D002
CH055,D002
CH056,D002
CH057,D002
CH058,D002
CH059,D002
CH060,D002
CH061,D002
CH062,D002
CH063,D002
CH064,D002
CH065,D002
CH066,D002
CH067,D002
CH068,D002
CH069,D002
CH070,D002
CH071,D002
CH072,D002
CH073,D002
CH074,D002
CH075,D002
CH076,D002
CH077,D002
CH078,D002
CH079,D002
CH080,D002
CH081,D002
CH082,D002
CH083,D002
CH084,D002
CH085,D002
CH086,D002
CH087,D002
CH088,D002
CH089,D002
CH090,D002
CH091,D002
CH092,D002
CH093,D002
CH094,D002
CH095,D002
CH096,D002
CH097,D002
CH098,D002
CH099,D002
CH100,D003
CH101,D003
CH102,D003
CH103,D003
CH104,D003
CH105,D003
CH106,D003
CH107,D003
CH108,D003
CH109,D003
CH110,D003
CH111,D003
CH112,D003
CH113,D003
CH114,D003
CH115,D003
CH116,D003
CH117,D003
CH118,D003
CH119,D003
CH120,D003
CH121,D003
CH122,D003
CH123,D003
CH124,D003
CH125,D003
CH126,D003
CH127,D003
CH128,D003
CH129,D003
CH130,D003
CH131,D003
CH132,D003
CH133,D003
CH134,D003
CH135,D003
CH136,D003
CH137,D003
CH138,D003
CH139,D003
CH140,D003
CH141,D003
CH142,D003
CH143,D003
CH144,D003
CH145,D003
CH146,D003
CH147,D003
CH148,D003
CH149,D003
CH150,D003
CH151,D003
CH152,D003
CH153,D003
CH154,D003
CH155,D003
CH156,D003
CH157,D003
CH158,D003
CH159,D003
CH160,D003
CH161,D003
CH162,D003
CH163,D003
CH164,D003
CH165,D003
CH166,D003
CH167,D003
CH168,D003
CH169,D003
CH170,D003
CH171,D003
CH172,D003
CH173,D003
CH174,D003
CH175,D003
CH176,D003
CH177,D003
CH178,D003
CH179,D003
CH180,D003
CH181,D003
CH182,D003
CH183,D003
CH184,D003
CH185,D003
CH186,D003
CH187,D003
CH188,D003
CH189,D003
CH190,D003
CH191,D003
CH192,D003
CH193,D003
CH194,D003
CH195,D003
CH196,D003
CH197,D003
CH198,D003
CH199,D004
CH200,D004
CH201,D004
CH202,D004
CH203,D004
CH204,D004
CH205,D004
CH206,D004
CH207,D004
CH208,D004
CH209,D004
CH210,D004
CH211,D004
CH212,D004
CH213,D004
CH214,D004
CH215,D004
CH216,D004
CH217,D004
CH218,D004
CH219,D004
CH220,D004
CH221,D004
CH222,D004
CH223,D004
CH224,D004
CH225,D004
CH226,D004
CH227,D004
CH228,D004
CH229,D004
CH230,D004
CH231,D004
CH232,D005
CH233,D005
CH234,D005
CH235,D005
CH236,D005
CH237,D005
CH238,D005
CH239,D005
CH240,D005
CH241,D005
CH242,D005
CH243,D005
CH244,D005
CH245,D005
CH246,D005
CH247,D005
CH248,D005
CH249,D005
CH250,D005
CH251,D005
CH252,D005
CH253,D005
CH254,D005
CH255,D005
CH256,D005
CH257,D005
CH258,D005
CH259,D005
CH260,D005
CH261,D005
CH262,D005
CH263,D005
CH264,D005
CH265,D005
CH266,D005
CH267,D005
CH268,D005
CH269,D005
CH270,D005
CH271,D005
CH272,D005
CH273,D005
CH274,D005
CH275,D005
CH276,D005
CH277,D005
CH278,D005
CH279,D005
CH280,D005
CH281,D006
CH282,D006
CH283,D006
CH284,D006
CH285,D006
CH286,D007
CH287,D007
CH288,D007
CH289,D007
CH290,D007
CH291,D007
CH292,D007
CH293,D007
CH294,D007
CH295,D007
CH296,D007
CH297,D007
CH298,D007
CH299,D007
CH300,D007
CH301,D007
CH302,D007
CH303,D007
CH304,D007
CH305,D007
CH306,D007
CH307,D007
CH308,D007
CH309,D007
CH310,D007
CH311,D007
CH312,D007
CH313,D007
CH314,D007
CH315,D007
CH316,D007
CH317,D007
CH318,D007
CH319,D007
CH320,D007
CH321,D007
CH322,D007
CH323,D007
CH324,D007
CH325,D007
CH326,D007
CH327,D007
CH328,D007
CH329,D007
CH330,D007
CH331,D007
CH332,D007
CH333,D007
CH334,D007
CH335,D007
CH336,D007
CH337,D007
CH338,D007
CH339,D007
CH340,D007
CH341,D007
CH342,D007
CH343,D007
CH344,D007
CH345,D007
CH346,D007
