chunkId,nextChunkId
CH001,CH002
CH002,CH003
CH003,CH004
CH004,CH005
CH005,CH006
CH006,CH007
CH007,CH008
CH008,CH009
CH009,CH010
CH010,CH011
CH011,CH012
CH012,CH013
CH013,CH014
CH014,CH015
CH015,CH016
CH016,CH017
CH017,CH018
CH018,CH019
CH019,CH020
CH020,CH021
CH021,CH022
CH022,CH023
CH023,CH024
CH024,CH025
CH025,CH026
CH026,CH027
CH028,CH029
CH029,CH030
CH030,CH031
CH031,CH032
CH032,CH033
CH033,CH034
CH034,CH035
CH035,CH036
CH036,CH037
CH037,CH038
CH038,CH039
CH039,CH040
CH040,CH041
CH041,CH042
CH042,CH043
CH043,CH044
CH044,CH045
CH045,CH046
CH046,CH047
CH047,CH048
CH048,CH049
CH049,CH050
CH050,CH051
CH051,CH052
CH052,CH053
CH053,CH054
CH054,CH055
CH055,CH056
CH056,CH057
CH057,CH058
CH058,CH059
CH059,CH060
CH060,CH061
CH061,CH062
CH062,CH063
CH063,CH064
CH064,CH065
CH065,CH066
CH066,CH067
CH067,CH068
CH068,CH069
CH069,CH070
CH070,CH071
CH071,CH072
CH072,CH073
CH073,CH074
CH074,CH075
CH075,CH076
CH076,CH077
CH077,CH078
CH078,CH079
CH079,CH080
CH080,CH081
CH081,CH082
CH082,CH083
CH083,CH084
CH084,CH085
CH085,CH086
CH086,CH087
CH087,CH088
CH088,CH089
CH089,CH090
CH090,CH091
CH091,CH092
CH092,CH093
CH093,CH094
CH094,CH095
CH095,CH096
CH096,CH097
CH097,CH098
CH098,CH099
CH100,CH101
CH101,CH102
CH102,CH103
CH103,CH104
CH104,CH105
CH105,CH106
CH106,CH107
CH107,CH108
CH108,CH109
CH109,CH110
CH110,CH111
CH111,CH112
CH112,CH113
CH113,CH114
CH114,CH115
CH115,CH116
CH116,CH117
CH117,CH118
CH118,CH119
CH119,CH120
CH120,CH121
CH121,CH122
CH122,CH123
CH123,CH124
CH124,CH125
CH125,CH126
CH126,CH127
CH127,CH128
CH128,CH129
CH129,CH130
CH130,CH131
CH131,CH132
CH132,CH133
CH133,CH134
CH134,CH135
CH135,CH136
CH136,CH137
CH137,CH138
CH138,CH139
CH139,CH140
CH140,CH141
CH141,CH142
CH142,CH143
CH143,CH144
CH144,CH145
CH145,CH146
CH146,CH147
CH147,CH148
CH148,CH149
CH149,CH150
CH150,CH151
CH151,CH152
CH152,CH153
CH153,CH154
CH154,CH155
CH155,CH156
CH156,CH157
CH157,CH158
CH158,CH159
CH159,CH160
CH160,CH161
CH161,CH162
CH162,CH163
CH163,CH164
CH164,CH165
CH165,CH166
CH166,CH167
CH167,CH168
CH168,CH169
CH169,CH170
CH170,CH171
CH171,CH172
CH172,CH173
CH173,CH174
CH174,CH175
CH175,CH176
CH176,CH177
CH177,CH178
CH178,CH179
CH179,CH180
CH180,CH181
CH181,CH182
CH182,CH183
CH183,CH184
CH184,CH185
CH185,CH186
CH186,CH187
CH187,CH188
CH188,CH189
CH189,CH190
CH190,CH191
CH191,CH192
CH192,CH193
CH193,CH194
CH194,CH195
CH195,CH196
CH196,CH197
CH197,CH198
CH199,CH200
CH200,CH201
CH201,CH202
CH202,CH203
CH203,CH204
CH204,CH205
CH205,CH206
CH206,CH207
CH207,CH208
CH208,CH209
CH209,CH210
CH210,CH211
CH211,CH212
CH212,CH213
CH213,CH214
CH214,CH215
CH215,CH216
CH216,CH217
CH217,CH218
CH218,CH219
CH219,CH220
CH220,CH221
CH221,CH222
CH222,CH223
CH223,CH224
CH224,CH225
CH225,CH226
CH226,CH227
CH227,CH228
CH228,CH229
CH229,CH230
CH230,CH231
CH232,CH233
CH233,CH234
CH234,CH235
CH235,CH236
CH236,CH237
CH237,CH238
CH238,CH239
CH239,CH240
CH240,CH241
CH241,CH242
CH242,CH243
CH243,CH244
CH244,CH245
CH245,CH246
CH246,CH247
CH247,CH248
CH248,CH249
CH249,CH250
CH250,CH251
CH251,CH252
CH252,CH253
CH253,CH254
CH254,CH255
CH255,CH256
CH256,CH257
CH257,CH258
CH258,CH259
CH259,CH260
CH260,CH261
CH261,CH262
CH262,CH263
CH263,CH264
CH264,CH265
CH265,CH266
CH266,CH267
CH267,CH268
CH268,CH269
CH269,CH270
CH270,CH271
CH271,CH272
CH272,CH273
CH273,CH274
CH274,CH275
CH275,CH276
CH276,CH277
CH277,CH278
CH278,CH279
CH279,CH280
CH281,CH282
CH282,CH283
CH283,CH284
CH284,CH285
CH286,CH287
CH287,CH288
CH288,CH289
CH289,CH290
CH290,CH291
CH291,CH292
CH292,CH293
CH293,CH294
CH294,CH295
CH295,CH296
CH296,CH297
CH297,CH298
CH298,CH299
CH299,CH300
CH300,CH301
CH301,CH302
CH302,CH303
CH303,CH304
CH304,CH305
CH305,CH306
CH306,CH307
CH307,CH308
CH308,CH309
CH309,CH310
CH310,CH311
CH311,CH312
CH312,CH313
CH313,CH314
CH314,CH315
CH315,CH316
CH316,CH317
CH317,CH318
CH318,CH319
CH319,CH320
CH320,CH321
CH321,CH322
CH322,CH323
CH323,CH324
CH324,CH325
CH325,CH326
CH326,CH327
CH327,CH328
CH328,CH329
CH329,CH330
CH330,CH331
CH331,CH332
CH332,CH333
CH333,CH334
CH334,CH335
CH335,CH336
CH336,CH337
CH337,CH338
CH338,CH339
CH339,CH340
CH340,CH341
CH341,CH342
CH342,CH343
CH343,CH344
CH344,CH345
CH345,CH346
